sample_id,SiO2,TiO2,Al2O3,Cr2O3,FeO,MnO,MgO,CaO,Na2O,K2O
SPOT-01,52.038,0.205,3.016,0.196,7.3,0.348,11.783,23.275,0.857,0.021
SPOT-02,49.257,0.786,3.41,0.016,9.308,0.53,10.32,22.282,0.928,0.127
SPOT-03,49.856,0.622,3.872,0.142,10.998,0.3,9.425,23.092,0.715,0.033
SPOT-04,53.056,0.285,2.662,0.078,8.495,0.63,11.439,21.804,1.901,0.007
SPOT-05,51.553,0.909,4.325,0.044,12.074,0.497,8.804,22.668,1.382,0.032
SPOT-06,46.914,0.351,1.658,0.174,7.377,0.264,14.749,27.594,1.116,0.112
SPOT-07,51.018,0.475,2.708,0.033,10.831,0.353,10.396,22.983,0.881,0.119
SPOT-08,51.121,0.452,3.708,0.333,9.05,0.608,10.18,22.263,1.261,0.122
SPOT-09,57.556,0.804,3.627,0.122,11.104,0.638,6.316,18.759,0.657,0.11
SPOT-10,52.012,0.202,3.898,0.156,6.188,0.178,12.674,23.946,0.645,0.1
